<?xml version="1.0" encoding="UTF-8"?>
<Module name="top">
    <SubModule name="u_interfaces_top" Register="1886" Alu="208" Lut="2395" Bsram="16" Ssram="117">
        <SubModule name="cmos_pll_m0"/>
        <SubModule name="mem_pll_m0"/>
        <SubModule name="u_tmds_rpll"/>
        <SubModule name="i2c_config_m0" Register="13" Lut="22">
            <SubModule name="i2c_master_top_m0" Register="17" Lut="930">
                <SubModule name="byte_controller" Register="23" Lut="48">
                    <SubModule name="bit_controller" Register="71" Alu="15" Lut="97"/>
                </SubModule>
            </SubModule>
        </SubModule>
        <SubModule name="cmos_8_16bit_m0" Register="29" Lut="3"/>
        <SubModule name="vga_timing_m0" Register="28" Lut="54"/>
    </SubModule>
    <SubModule name="u_top_test" Register="90" Lut="122"/>
    <SubModule name="u_div_color" Register="18" Lut="2">
        <SubModule name="u1_div_color_HSV" Register="53" Alu="21" Lut="3">
            <SubModule name="u1_mul" Register="16">
                <SubModule name="u_mul_8" Dsp="1"/>
            </SubModule>
            <SubModule name="u2_mul" Register="16">
                <SubModule name="u_mul_8" Dsp="1"/>
            </SubModule>
            <SubModule name="u3_mul" Register="16">
                <SubModule name="u_mul_8" Dsp="1"/>
            </SubModule>
            <SubModule name="u4_mul" Ssram="4">
                <SubModule name="u_mul_8" Dsp="1"/>
            </SubModule>
            <SubModule name="u1_sub_abs" Register="16" Alu="9" Lut="31"/>
            <SubModule name="u2_sub_abs" Register="16" Alu="10" Lut="32"/>
            <SubModule name="u3_sub_abs" Register="16" Alu="9" Lut="31"/>
            <SubModule name="u1_cmp" Register="1" Alu="33" Lut="30"/>
        </SubModule>
        <SubModule name="u2_div_color_HSV" Register="17" Lut="1">
            <SubModule name="u1_mul" Register="16">
                <SubModule name="u_mul_8" Dsp="1"/>
            </SubModule>
            <SubModule name="u2_mul" Register="16">
                <SubModule name="u_mul_8" Dsp="1"/>
            </SubModule>
            <SubModule name="u3_mul" Register="16">
                <SubModule name="u_mul_8" Dsp="1"/>
            </SubModule>
            <SubModule name="u4_mul" Register="3" Lut="1" Ssram="4">
                <SubModule name="u_mul_8" Dsp="1"/>
            </SubModule>
            <SubModule name="u1_sub_abs" Register="16" Alu="9" Lut="31"/>
            <SubModule name="u2_sub_abs" Register="16" Alu="10" Lut="32"/>
            <SubModule name="u3_sub_abs" Register="16" Alu="9" Lut="31"/>
            <SubModule name="u1_cmp" Register="1" Alu="33" Lut="29"/>
        </SubModule>
    </SubModule>
    <SubModule name="u_intercept" Register="36" Lut="32"/>
    <SubModule name="u_corrode" Register="392" Lut="333"/>
    <SubModule name="u_div_rect" Register="1018" Alu="122" Lut="1817"/>
    <SubModule name="u_conv_show" Register="157" Alu="49" Lut="352">
        <SubModule name="u_conv_1a" Register="463" Alu="136" Lut="515">
            <SubModule name="u1_signed_mul_8" Dsp="1"/>
            <SubModule name="u2_signed_mul_8" Dsp="1"/>
            <SubModule name="u3_signed_mul_8" Dsp="1"/>
            <SubModule name="u4_signed_mul_8" Dsp="1"/>
        </SubModule>
        <SubModule name="u_conv_1b" Register="455" Alu="136" Lut="515">
            <SubModule name="u1_signed_mul_8" Dsp="1"/>
            <SubModule name="u2_signed_mul_8" Dsp="1"/>
            <SubModule name="u3_signed_mul_8" Dsp="1"/>
            <SubModule name="u4_signed_mul_8" Dsp="1"/>
        </SubModule>
        <SubModule name="u_pool_1a" Register="93" Alu="27" Lut="69" Bsram="1"/>
        <SubModule name="u_pool_1b" Register="62" Alu="23" Lut="49"/>
        <SubModule name="u_conv_2a" Register="321" Alu="136" Lut="527">
            <SubModule name="u1_signed_mul_8" Dsp="1"/>
            <SubModule name="u2_signed_mul_8" Dsp="1"/>
            <SubModule name="u3_signed_mul_8" Dsp="1"/>
            <SubModule name="u4_signed_mul_8" Dsp="1"/>
        </SubModule>
        <SubModule name="u_conv_2b" Register="312" Alu="136" Lut="530">
            <SubModule name="u1_signed_mul_8" Dsp="1"/>
            <SubModule name="u2_signed_mul_8" Dsp="1"/>
            <SubModule name="u3_signed_mul_8" Dsp="1"/>
            <SubModule name="u4_signed_mul_8" Dsp="1"/>
        </SubModule>
        <SubModule name="u_conv_2c" Register="320" Alu="136" Lut="527">
            <SubModule name="u1_signed_mul_8" Dsp="1"/>
            <SubModule name="u2_signed_mul_8" Dsp="1"/>
            <SubModule name="u3_signed_mul_8" Dsp="1"/>
            <SubModule name="u4_signed_mul_8" Dsp="1"/>
        </SubModule>
        <SubModule name="u_conv_2d" Register="312" Alu="136" Lut="530">
            <SubModule name="u1_signed_mul_8" Dsp="1"/>
            <SubModule name="u2_signed_mul_8" Dsp="1"/>
            <SubModule name="u3_signed_mul_8" Dsp="1"/>
            <SubModule name="u4_signed_mul_8" Dsp="1"/>
        </SubModule>
        <SubModule name="u_pool_2a" Register="74" Alu="23" Lut="47" Bsram="1"/>
        <SubModule name="u_pool_2b" Register="62" Alu="23" Lut="36"/>
        <SubModule name="u_pool_2c" Register="62" Alu="23" Lut="36"/>
        <SubModule name="u_pool_2d" Register="62" Alu="23" Lut="40"/>
        <SubModule name="u_connect" Register="199" Alu="506" Lut="297">
            <SubModule name="u_ROM_connect" Bsram="8"/>
            <SubModule name="u0_signed_mul_8" Dsp="1"/>
            <SubModule name="u1_signed_mul_8" Dsp="1"/>
            <SubModule name="u2_signed_mul_8" Dsp="1"/>
            <SubModule name="u3_signed_mul_8" Dsp="1"/>
            <SubModule name="u4_signed_mul_8" Dsp="1"/>
            <SubModule name="u5_signed_mul_8" Dsp="1"/>
            <SubModule name="u6_signed_mul_8" Dsp="1"/>
            <SubModule name="u7_signed_mul_8" Dsp="1"/>
            <SubModule name="u10_signed_mul_8" Dsp="1"/>
            <SubModule name="u11_signed_mul_8" Dsp="1"/>
            <SubModule name="u12_signed_mul_8" Dsp="1"/>
            <SubModule name="u13_signed_mul_8" Dsp="1"/>
            <SubModule name="u14_signed_mul_8" Dsp="1"/>
            <SubModule name="u15_signed_mul_8" Dsp="1"/>
            <SubModule name="u16_signed_mul_8" Dsp="1"/>
            <SubModule name="u17_signed_mul_8" Dsp="1"/>
            <SubModule name="u20_signed_mul_8" Dsp="1"/>
            <SubModule name="u21_signed_mul_8" Dsp="1"/>
            <SubModule name="u22_signed_mul_8" Dsp="1"/>
            <SubModule name="u23_signed_mul_8" Dsp="1"/>
            <SubModule name="u24_signed_mul_8" Dsp="1"/>
            <SubModule name="u25_signed_mul_8" Dsp="1"/>
            <SubModule name="u26_signed_mul_8" Dsp="1"/>
            <SubModule name="u27_signed_mul_8" Dsp="1"/>
            <SubModule name="u30_signed_mul_8" Dsp="1"/>
            <SubModule name="u31_signed_mul_8" Dsp="1"/>
            <SubModule name="u32_signed_mul_8" Dsp="1"/>
            <SubModule name="u33_signed_mul_8" Dsp="1"/>
            <SubModule name="u34_signed_mul_8" Dsp="1"/>
            <SubModule name="u35_signed_mul_8" Dsp="1"/>
            <SubModule name="u36_signed_mul_8" Dsp="1"/>
            <SubModule name="u37_signed_mul_8" Dsp="1"/>
        </SubModule>
    </SubModule>
    <SubModule name="u_show_corrode" Register="2" Lut="5" Ssram="4"/>
    <SubModule name="u_show_rect_ascii">
        <SubModule name="u_show_rect_ascii_ctrl" Register="62" Lut="296"/>
        <SubModule name="u_show_rect_ascii_single" Register="65" Alu="55" Lut="158">
            <SubModule name="u_RAM_letter_show" Register="2" Lut="3" Bsram="4"/>
        </SubModule>
    </SubModule>
    <SubModule name="u_show_character" Register="58" Alu="6" Lut="247" Bsram="2">
        <SubModule name="u_ROM_character" Register="1" Lut="3" Bsram="2"/>
    </SubModule>
    <SubModule name="u_show_varies" Register="52" Alu="8" Lut="92">
        <SubModule name="u_ROM_varies" Register="1" Lut="3" Bsram="2"/>
    </SubModule>
    <SubModule name="u_show_ascii" Register="79" Alu="8" Lut="237">
        <SubModule name="u_ROM_ascii" Register="2" Lut="7" Bsram="4"/>
    </SubModule>
</Module>
