{
 "Files" : [
  {
   "Path" : "E:/_compete/4-20220926fpga/Gowin_Selfpurchase_System/fpga/src/base__div_color/cmp.v",
   "Type" : "verilog"
  },
  {
   "Path" : "E:/_compete/4-20220926fpga/Gowin_Selfpurchase_System/fpga/src/base__div_color/div_color_HSV.v",
   "Type" : "verilog"
  },
  {
   "Path" : "E:/_compete/4-20220926fpga/Gowin_Selfpurchase_System/fpga/src/base__div_color/gowin_mult/mul_8.v",
   "Type" : "verilog"
  },
  {
   "Path" : "E:/_compete/4-20220926fpga/Gowin_Selfpurchase_System/fpga/src/base__div_color/mul.v",
   "Type" : "verilog"
  },
  {
   "Path" : "E:/_compete/4-20220926fpga/Gowin_Selfpurchase_System/fpga/src/base__div_color/sub_abs.v",
   "Type" : "verilog"
  },
  {
   "Path" : "E:/_compete/4-20220926fpga/Gowin_Selfpurchase_System/fpga/src/define.v",
   "Type" : "verilog"
  },
  {
   "Path" : "E:/_compete/4-20220926fpga/Gowin_Selfpurchase_System/fpga/src/interfaces/cmos_8_16bit.v",
   "Type" : "verilog"
  },
  {
   "Path" : "E:/_compete/4-20220926fpga/Gowin_Selfpurchase_System/fpga/src/interfaces/ddr3_memory_interface/DDR3MI.v",
   "Type" : "verilog"
  },
  {
   "Path" : "E:/_compete/4-20220926fpga/Gowin_Selfpurchase_System/fpga/src/interfaces/dvi_tx/DVI_TX_Top.v",
   "Type" : "verilog"
  },
  {
   "Path" : "E:/_compete/4-20220926fpga/Gowin_Selfpurchase_System/fpga/src/interfaces/gowin_rpll/TMDS_rPLL.v",
   "Type" : "verilog"
  },
  {
   "Path" : "E:/_compete/4-20220926fpga/Gowin_Selfpurchase_System/fpga/src/interfaces/gowin_rpll/cmos_pll.v",
   "Type" : "verilog"
  },
  {
   "Path" : "E:/_compete/4-20220926fpga/Gowin_Selfpurchase_System/fpga/src/interfaces/gowin_rpll/mem_pll.v",
   "Type" : "verilog"
  },
  {
   "Path" : "E:/_compete/4-20220926fpga/Gowin_Selfpurchase_System/fpga/src/interfaces/gowin_rpll/sys_pll.v",
   "Type" : "verilog"
  },
  {
   "Path" : "E:/_compete/4-20220926fpga/Gowin_Selfpurchase_System/fpga/src/interfaces/i2c_master/i2c_config.v",
   "Type" : "verilog"
  },
  {
   "Path" : "E:/_compete/4-20220926fpga/Gowin_Selfpurchase_System/fpga/src/interfaces/i2c_master/i2c_master_bit_ctrl.v",
   "Type" : "verilog"
  },
  {
   "Path" : "E:/_compete/4-20220926fpga/Gowin_Selfpurchase_System/fpga/src/interfaces/i2c_master/i2c_master_byte_ctrl.v",
   "Type" : "verilog"
  },
  {
   "Path" : "E:/_compete/4-20220926fpga/Gowin_Selfpurchase_System/fpga/src/interfaces/i2c_master/i2c_master_defines.v",
   "Type" : "verilog"
  },
  {
   "Path" : "E:/_compete/4-20220926fpga/Gowin_Selfpurchase_System/fpga/src/interfaces/i2c_master/i2c_master_top.v",
   "Type" : "verilog"
  },
  {
   "Path" : "E:/_compete/4-20220926fpga/Gowin_Selfpurchase_System/fpga/src/interfaces/i2c_master/timescale.v",
   "Type" : "verilog"
  },
  {
   "Path" : "E:/_compete/4-20220926fpga/Gowin_Selfpurchase_System/fpga/src/interfaces/interfaces_top.v",
   "Type" : "verilog"
  },
  {
   "Path" : "E:/_compete/4-20220926fpga/Gowin_Selfpurchase_System/fpga/src/interfaces/lut_ov5640_rgb565_1024_768.v",
   "Type" : "verilog"
  },
  {
   "Path" : "E:/_compete/4-20220926fpga/Gowin_Selfpurchase_System/fpga/src/interfaces/vga_timing.v",
   "Type" : "verilog"
  },
  {
   "Path" : "E:/_compete/4-20220926fpga/Gowin_Selfpurchase_System/fpga/src/interfaces/video_frame_buffer/Video_Frame_Buffer_Top.v",
   "Type" : "verilog"
  },
  {
   "Path" : "E:/_compete/4-20220926fpga/Gowin_Selfpurchase_System/fpga/src/post1__conv_show/ROM_connect/ROM_connect.v",
   "Type" : "verilog"
  },
  {
   "Path" : "E:/_compete/4-20220926fpga/Gowin_Selfpurchase_System/fpga/src/post1__conv_show/connect.v",
   "Type" : "verilog"
  },
  {
   "Path" : "E:/_compete/4-20220926fpga/Gowin_Selfpurchase_System/fpga/src/post1__conv_show/conv_1.v",
   "Type" : "verilog"
  },
  {
   "Path" : "E:/_compete/4-20220926fpga/Gowin_Selfpurchase_System/fpga/src/post1__conv_show/conv_2.v",
   "Type" : "verilog"
  },
  {
   "Path" : "E:/_compete/4-20220926fpga/Gowin_Selfpurchase_System/fpga/src/post1__conv_show/conv_show.v",
   "Type" : "verilog"
  },
  {
   "Path" : "E:/_compete/4-20220926fpga/Gowin_Selfpurchase_System/fpga/src/post1__conv_show/pool_1.v",
   "Type" : "verilog"
  },
  {
   "Path" : "E:/_compete/4-20220926fpga/Gowin_Selfpurchase_System/fpga/src/post1__conv_show/pool_2.v",
   "Type" : "verilog"
  },
  {
   "Path" : "E:/_compete/4-20220926fpga/Gowin_Selfpurchase_System/fpga/src/post1__conv_show/signed_mul_8/signed_mul_8.v",
   "Type" : "verilog"
  },
  {
   "Path" : "E:/_compete/4-20220926fpga/Gowin_Selfpurchase_System/fpga/src/post2__sample_show/sample_show.v",
   "Type" : "verilog"
  },
  {
   "Path" : "E:/_compete/4-20220926fpga/Gowin_Selfpurchase_System/fpga/src/post3__show_corrode/gowin_sdpb/RAM_show_corrode.v",
   "Type" : "verilog"
  },
  {
   "Path" : "E:/_compete/4-20220926fpga/Gowin_Selfpurchase_System/fpga/src/post3__show_corrode/show_corrode.v",
   "Type" : "verilog"
  },
  {
   "Path" : "E:/_compete/4-20220926fpga/Gowin_Selfpurchase_System/fpga/src/post4__show_rect_ascii/const_str.v",
   "Type" : "verilog"
  },
  {
   "Path" : "E:/_compete/4-20220926fpga/Gowin_Selfpurchase_System/fpga/src/post4__show_rect_ascii/gowin_prom/ROM_letter_show.v",
   "Type" : "verilog"
  },
  {
   "Path" : "E:/_compete/4-20220926fpga/Gowin_Selfpurchase_System/fpga/src/post4__show_rect_ascii/gowin_sdpb/RAM_letter_show.v",
   "Type" : "verilog"
  },
  {
   "Path" : "E:/_compete/4-20220926fpga/Gowin_Selfpurchase_System/fpga/src/post4__show_rect_ascii/label_str.v",
   "Type" : "verilog"
  },
  {
   "Path" : "E:/_compete/4-20220926fpga/Gowin_Selfpurchase_System/fpga/src/post4__show_rect_ascii/show_rect_ascii.v",
   "Type" : "verilog"
  },
  {
   "Path" : "E:/_compete/4-20220926fpga/Gowin_Selfpurchase_System/fpga/src/post4__show_rect_ascii/show_rect_ascii_ctrl.v",
   "Type" : "verilog"
  },
  {
   "Path" : "E:/_compete/4-20220926fpga/Gowin_Selfpurchase_System/fpga/src/post4__show_rect_ascii/show_rect_ascii_single.v",
   "Type" : "verilog"
  },
  {
   "Path" : "E:/_compete/4-20220926fpga/Gowin_Selfpurchase_System/fpga/src/post4__show_rect_ascii/varies.v",
   "Type" : "verilog"
  },
  {
   "Path" : "E:/_compete/4-20220926fpga/Gowin_Selfpurchase_System/fpga/src/post5__show_pic/ROM_ascii/ROM_ascii.v",
   "Type" : "verilog"
  },
  {
   "Path" : "E:/_compete/4-20220926fpga/Gowin_Selfpurchase_System/fpga/src/post5__show_pic/ROM_character/ROM_character.v",
   "Type" : "verilog"
  },
  {
   "Path" : "E:/_compete/4-20220926fpga/Gowin_Selfpurchase_System/fpga/src/post5__show_pic/ROM_picture/ROM_picture.v",
   "Type" : "verilog"
  },
  {
   "Path" : "E:/_compete/4-20220926fpga/Gowin_Selfpurchase_System/fpga/src/post5__show_pic/ROM_varies/ROM_varies.v",
   "Type" : "verilog"
  },
  {
   "Path" : "E:/_compete/4-20220926fpga/Gowin_Selfpurchase_System/fpga/src/post5__show_pic/show_ascii.v",
   "Type" : "verilog"
  },
  {
   "Path" : "E:/_compete/4-20220926fpga/Gowin_Selfpurchase_System/fpga/src/post5__show_pic/show_character.v",
   "Type" : "verilog"
  },
  {
   "Path" : "E:/_compete/4-20220926fpga/Gowin_Selfpurchase_System/fpga/src/post5__show_pic/show_picture.v",
   "Type" : "verilog"
  },
  {
   "Path" : "E:/_compete/4-20220926fpga/Gowin_Selfpurchase_System/fpga/src/post5__show_pic/show_varies.v",
   "Type" : "verilog"
  },
  {
   "Path" : "E:/_compete/4-20220926fpga/Gowin_Selfpurchase_System/fpga/src/pre2__div_color/div_color.v",
   "Type" : "verilog"
  },
  {
   "Path" : "E:/_compete/4-20220926fpga/Gowin_Selfpurchase_System/fpga/src/pre3__corrode/corrode.v",
   "Type" : "verilog"
  },
  {
   "Path" : "E:/_compete/4-20220926fpga/Gowin_Selfpurchase_System/fpga/src/pre3__return__intercept/intercept.v",
   "Type" : "verilog"
  },
  {
   "Path" : "E:/_compete/4-20220926fpga/Gowin_Selfpurchase_System/fpga/src/pre4__div_rect/div_rect.v",
   "Type" : "verilog"
  },
  {
   "Path" : "E:/_compete/4-20220926fpga/Gowin_Selfpurchase_System/fpga/src/top.v",
   "Type" : "verilog"
  },
  {
   "Path" : "E:/_compete/4-20220926fpga/Gowin_Selfpurchase_System/fpga/src/top_test.v",
   "Type" : "verilog"
  },
  {
   "Path" : "E:/_compete/4-20220926fpga/Gowin_Selfpurchase_System/fpga/src/uart_sfr/debug.v",
   "Type" : "verilog"
  },
  {
   "Path" : "E:/_compete/4-20220926fpga/Gowin_Selfpurchase_System/fpga/src/uart_sfr/debug_ctrl.v",
   "Type" : "verilog"
  },
  {
   "Path" : "E:/_compete/4-20220926fpga/Gowin_Selfpurchase_System/fpga/src/uart_sfr/sfr.v",
   "Type" : "verilog"
  },
  {
   "Path" : "E:/_compete/4-20220926fpga/Gowin_Selfpurchase_System/fpga/src/uart_sfr/uart_rx.v",
   "Type" : "verilog"
  },
  {
   "Path" : "E:/_compete/4-20220926fpga/Gowin_Selfpurchase_System/fpga/src/uart_sfr/uart_sfr.v",
   "Type" : "verilog"
  },
  {
   "Path" : "E:/_compete/4-20220926fpga/Gowin_Selfpurchase_System/fpga/src/uart_sfr/uart_tx.v",
   "Type" : "verilog"
  }
 ],
 "IncludePath" : [

 ],
 "LoopLimit" : 2000,
 "ResultFile" : "E:/_compete/4-20220926fpga/Gowin_Selfpurchase_System/fpga/impl/temp/rtl_parser.result",
 "Top" : "top",
 "VerilogStd" : "verilog_2001",
 "VhdlStd" : "vhdl_93"
}